[
	{
		"path": "/coredev/v0/me/contributions",
		"class": "MediaWiki\\Rest\\Handler\\UserContributionsHandler",
		"services": [
			"ContributionsLookup",
			"UserNameUtils"
		],
		"mode": "me"
	},
	{
		"path": "/coredev/v0/user/{user}/contributions",
		"class": "MediaWiki\\Rest\\Handler\\UserContributionsHandler",
		"services": [
			"ContributionsLookup",
			"UserNameUtils"
		],
		"mode": "user"
	},
	{
		"path": "/coredev/v0/me/contributions/count",
		"class": "MediaWiki\\Rest\\Handler\\ContributionsCountHandler",
		"services": [
			"ContributionsLookup",
			"UserNameUtils"
		],
		"mode": "me"
	},
	{
		"path": "/coredev/v0/user/{user}/contributions/count",
		"class": "MediaWiki\\Rest\\Handler\\ContributionsCountHandler",
		"services": [
			"ContributionsLookup",
			"UserNameUtils"
		],
		"mode": "user"
	},
	{
		"path": "/coredev/v0/revision/{id}",
		"class": "MediaWiki\\Rest\\Handler\\RevisionSourceHandler",
		"services": [
			"MainConfig",
			"RevisionLookup",
			"TitleFormatter",
			"PageStore"
		],
		"format": "source"
	},
	{
		"path": "/coredev/v0/revision/{id}/html",
		"class": "MediaWiki\\Rest\\Handler\\RevisionHTMLHandler",
		"services": [
			"MainConfig",
			"RevisionLookup",
			"TitleFormatter",
			"ParserCacheFactory",
			"GlobalIdGenerator",
			"PageStore"
		],
		"format": "html"
	},
	{
		"path": "/coredev/v0/revision/{id}/with_html",
		"class": "MediaWiki\\Rest\\Handler\\RevisionHTMLHandler",
		"services": [
			"MainConfig",
			"RevisionLookup",
			"TitleFormatter",
			"ParserCacheFactory",
			"GlobalIdGenerator",
			"PageStore"
		],
		"format": "with_html"
	}
]
